season,round,pick,team,pfr_player_name,position,age,to,games,seasons_started,allpro,probowls,w_av,car_av,dr_av
2026,1,1,LVR,Fernando Mendoza,QB,22.0,,,0,0,0,,,
2026,1,2,NYJ,David Bailey,OLB,23.0,,,0,0,0,,,
2026,1,3,ARI,Jeremiyah Love,RB,21.0,,,0,0,0,,,
2026,1,4,TEN,Carnell Tate,WR,21.0,,,0,0,0,,,
2026,1,5,NYG,Arvell Reese,LB,21.0,,,0,0,0,,,
2026,1,6,KAN,Mansoor Delane,CB,22.0,,,0,0,0,,,
2026,1,7,WAS,Sonny Styles,LB,21.0,,,0,0,0,,,
2026,1,8,NOR,Jordyn Tyson,WR,22.0,,,0,0,0,,,
2026,1,9,CLE,Spencer Fano,OT,21.0,,,0,0,0,,,
2026,1,10,NYG,Francis Mauigoa,OT,21.0,,,0,0,0,,,
2026,1,11,DAL,Caleb Downs,S,21.0,,,0,0,0,,,
2026,1,12,MIA,Kadyn Proctor,OT,21.0,,,0,0,0,,,
2026,1,13,LAR,Ty Simpson,QB,23.0,,,0,0,0,,,
2026,1,14,BAL,Olaivavega Ioane,OG,22.0,,,0,0,0,,,
2026,1,15,TAM,Rueben Bain Jr.,DE,21.0,,,0,0,0,,,
2026,1,16,NYJ,Kenyon Sadiq,TE,21.0,,,0,0,0,,,
2026,1,17,DET,Blake Miller,OT,22.0,,,0,0,0,,,
2026,1,18,MIN,Caleb Banks,DT,23.0,,,0,0,0,,,
2026,1,19,CAR,Monroe Freeling,OT,22.0,,,0,0,0,,,
2026,1,20,PHI,Makai Lemon,WR,22.0,,,0,0,0,,,
2026,1,21,PIT,Max Iheanachor,OT,22.0,,,0,0,0,,,
2026,1,22,LAC,Akheem Mesidor,DE,25.0,,,0,0,0,,,
2026,1,23,DAL,Malachi Lawrence,DE,23.0,,,0,0,0,,,
2026,1,24,CLE,KC Concepcion,WR,21.0,,,0,0,0,,,
2026,1,25,CHI,Dillon Thieneman,S,22.0,,,0,0,0,,,
2026,1,26,HOU,Keylan Rutledge,G,23.0,,,0,0,0,,,
2026,1,27,MIA,Chris Johnson,CB,21.0,,,0,0,0,,,
2026,1,28,NWE,Caleb Lomu,OT,21.0,,,0,0,0,,,
2026,1,29,KAN,Peter Woods,DT,21.0,,,0,0,0,,,
2026,1,30,NYJ,Omar Cooper Jr.,WR,22.0,,,0,0,0,,,
2026,1,31,TEN,Keldric Faulk,DE,21.0,,,0,0,0,,,
2026,1,32,SEA,Jadarian Price,RB,22.0,,,0,0,0,,,
2026,2,33,SFO,De'Zhaun Stribling,WR,23.0,,,0,0,0,,,
2026,2,34,ARI,Chase Bisontis,G,22.0,,,0,0,0,,,
2026,2,35,BUF,T.J. Parker,DE,21.0,,,0,0,0,,,
2026,2,36,HOU,Kayden McDonald,DT,21.0,,,0,0,0,,,
2026,2,37,NYG,Colton Hood,CB,21.0,,,0,0,0,,,
2026,2,38,LVR,Treydan Stukes,CB,24.0,,,0,0,0,,,
2026,2,39,CLE,Denzel Boston,WR,22.0,,,0,0,0,,,
2026,2,40,KAN,R Mason Thomas,DE,22.0,,,0,0,0,,,
2026,2,41,CIN,Cashius Howell,DE,23.0,,,0,0,0,,,
2026,2,42,NOR,Christen Miller,DT,22.0,,,0,0,0,,,
2026,2,43,MIA,Jacob Rodriguez,LB,24.0,,,0,0,0,,,
2026,2,44,DET,Derrick Moore,DE,23.0,,,0,0,0,,,
2026,2,45,BAL,Zion Young,DE,22.0,,,0,0,0,,,
2026,2,46,TAM,Josiah Trotter,LB,21.0,,,0,0,0,,,
2026,2,47,PIT,Germie Bernard,WR,22.0,,,0,0,0,,,
2026,2,48,ATL,Avieon Terrell,CB,21.0,,,0,0,0,,,
2026,2,49,CAR,Lee Hunter,DT,24.0,,,0,0,0,,,
2026,2,50,NYJ,D'Angelo Ponds,CB,21.0,,,0,0,0,,,
2026,2,51,MIN,Jake Golday,LB,23.0,,,0,0,0,,,
2026,2,52,GNB,Brandon Cisse,CB,21.0,,,0,0,0,,,
2026,2,53,IND,CJ Allen,LB,21.0,,,0,0,0,,,
2026,2,54,PHI,Eli Stowers,TE,23.0,,,0,0,0,,,
2026,2,55,NWE,Gabe Jacas,DE,22.0,,,0,0,0,,,
2026,2,56,JAX,Nate Boerkircher,TE,25.0,,,0,0,0,,,
2026,2,57,CHI,Logan Jones,C,24.0,,,0,0,0,,,
2026,2,58,CLE,Emmanuel McNeil-Warren,S,22.0,,,0,0,0,,,
2026,2,59,HOU,Marlin Klein,TE,23.0,,,0,0,0,,,
2026,2,60,TEN,Anthony Hill Jr.,LB,21.0,,,0,0,0,,,
2026,2,61,LAR,Max Klare,TE,23.0,,,0,0,0,,,
2026,2,62,BUF,Davison Igbinosun,CB,22.0,,,0,0,0,,,
2026,2,63,LAC,Jake Slaughter,C,23.0,,,0,0,0,,,
2026,2,64,SEA,Bud Clark,S,24.0,,,0,0,0,,,
2026,3,65,ARI,Carson Beck,QB,24.0,,,0,0,0,,,
2026,3,66,DEN,Tyler Onyedim,DT,23.0,,,0,0,0,,,
2026,3,67,LVR,Keyron Crawford,DE,22.0,,,0,0,0,,,
2026,3,68,PHI,Markel Bell,OT,22.0,,,0,0,0,,,
2026,3,69,CHI,Sam Roush,TE,23.0,,,0,0,0,,,
2026,3,70,SFO,Romello Height,DE,25.0,,,0,0,0,,,
2026,3,71,WAS,Antonio Williams,WR,22.0,,,0,0,0,,,
2026,3,72,CIN,Tacario Davis,CB,22.0,,,0,0,0,,,
2026,3,73,NOR,Oscar Delp,TE,23.0,,,0,0,0,,,
2026,3,74,NYG,Malachi Fields,WR,23.0,,,0,0,0,,,
2026,3,75,MIA,Caleb Douglas,WR,22.0,,,0,0,0,,,
2026,3,76,PIT,Drew Allar,QB,22.0,,,0,0,0,,,
2026,3,77,GNB,Chris McClellan,DT,22.0,,,0,0,0,,,
2026,3,78,IND,A.J. Haulcy,S,22.0,,,0,0,0,,,
2026,3,79,ATL,Zachariah Branch,WR,22.0,,,0,0,0,,,
2026,3,80,BAL,Ja'Kobi Lane,WR,22.0,,,0,0,0,,,
2026,3,81,JAX,Albert Regis,DT,23.0,,,0,0,0,,,
2026,3,82,MIN,Domonique Orange,DT,22.0,,,0,0,0,,,
2026,3,83,CAR,Chris Brazzell II,WR,22.0,,,0,0,0,,,
2026,3,84,TAM,Ted Hurst,WR,22.0,,,0,0,0,,,
2026,3,85,PIT,Daylen Everette,CB,22.0,,,0,0,0,,,
2026,3,86,CLE,Austin Barber,OT,23.0,,,0,0,0,,,
2026,3,87,MIA,Will Kacmarek,TE,23.0,,,0,0,0,,,
2026,3,88,JAX,Emmanuel Pregnon,G,24.0,,,0,0,0,,,
2026,3,89,CHI,Zavion Thomas,WR,21.0,,,0,0,0,,,
2026,3,90,SFO,Kaelon Black,RB,24.0,,,0,0,0,,,
2026,3,91,LVR,Trey Zuhn III,OT,23.0,,,0,0,0,,,
2026,3,92,DAL,Jaishawn Barham,DE,22.0,,,0,0,0,,,
2026,3,93,LAR,Keagen Trost,OL,25.0,,,0,0,0,,,
2026,3,94,MIA,Chris Bell,WR,22.0,,,0,0,0,,,
2026,3,95,NWE,Eli Raridon,TE,22.0,,,0,0,0,,,
2026,3,96,PIT,Gennings Dunker,OT,23.0,,,0,0,0,,,
2026,3,97,MIN,Caleb Tiernan,OT,23.0,,,0,0,0,,,
2026,3,98,MIN,Jakobe Thomas,S,23.0,,,0,0,0,,,
2026,3,99,SEA,Julian Neal,CB,23.0,,,0,0,0,,,
2026,3,100,JAX,Jalen Huskey,S,23.0,,,0,0,0,,,
2026,4,101,LVR,Jermod McCoy,CB,21.0,,,0,0,0,,,
2026,4,102,BUF,Jude Bowry,OT,23.0,,,0,0,0,,,
2026,4,103,NYJ,Darrell Jackson Jr.,DT,23.0,,,0,0,0,,,
2026,4,104,ARI,Kaleb Proctor,DT,22.0,,,0,0,0,,,
2026,4,105,LAC,Brenen Thompson,WR,23.0,,,0,0,0,,,
2026,4,106,HOU,Febechi Nwaiwu,OL,23.0,,,0,0,0,,,
2026,4,107,SFO,Gracen Halton,DT,22.0,,,0,0,0,,,
2026,4,108,DEN,Jonah Coleman,RB,23.0,,,0,0,0,,,
2026,4,109,KAN,Jadon Canady,CB,23.0,,,0,0,0,,,
2026,4,110,NYJ,Cade Klubnik,QB,22.0,,,0,0,0,,,
2026,4,111,DEN,Kage Casey,OT,22.0,,,0,0,0,,,
2026,4,112,DAL,Drew Shelton,OT,22.0,,,0,0,0,,,
2026,4,113,IND,Jalen Farmer,G,22.0,,,0,0,0,,,
2026,4,114,DAL,Devin Moore,CB,22.0,,,0,0,0,,,
2026,4,115,BAL,Elijah Sarratt,WR,23.0,,,0,0,0,,,
2026,4,116,TAM,Keionte Scott,CB,25.0,,,0,0,0,,,
2026,4,117,LAC,Travis Burke,OT,23.0,,,0,0,0,,,
2026,4,118,DET,Jimmy Rolder,LB,22.0,,,0,0,0,,,
2026,4,119,JAX,Wesley Williams,DE,21.0,,,0,0,0,,,
2026,4,120,GNB,Dani Dennis-Sutton,DE,22.0,,,0,0,0,,,
2026,4,121,PIT,Kaden Wetjen,WR,24.0,,,0,0,0,,,
2026,4,122,LVR,Mike Washington Jr.,RB,23.0,,,0,0,0,,,
2026,4,123,HOU,Wade Woodaz,LB,22.0,,,0,0,0,,,
2026,4,124,CHI,Malik Muhammad,CB,21.0,,,0,0,0,,,
2026,4,125,BUF,Skyler Bell,WR,24.0,,,0,0,0,,,
2026,4,126,BUF,Kaleb Elarms-Orr,LB,23.0,,,0,0,0,,,
2026,4,127,SFO,Carver Willis,OL,24.0,,,0,0,0,,,
2026,4,128,CIN,Connor Lew,C,21.0,,,0,0,0,,,
2026,4,129,CAR,Will Lee III,CB,23.0,,,0,0,0,,,
2026,4,130,MIA,Trey Moore,LB,23.0,,,0,0,0,,,
2026,4,131,LAC,Genesis Smith,S,21.0,,,0,0,0,,,
2026,4,132,NOR,Jeremiah Wright,G,25.0,,,0,0,0,,,
2026,4,133,BAL,Matthew Hibner,TE,24.0,,,0,0,0,,,
2026,4,134,ATL,Kendal Daniels,LB,23.0,,,0,0,0,,,
2026,4,135,IND,Bryce Boettcher,LB,24.0,,,0,0,0,,,
2026,4,136,NOR,Bryce Lance,WR,24.0,,,0,0,0,,,
2026,4,137,DAL,LT Overton,DE,21.0,,,0,0,0,,,
2026,4,138,MIA,Kyle Louis,LB,22.0,,,0,0,0,,,
2026,4,139,SFO,Ephesians Prysock,CB,23.0,,,0,0,0,,,
2026,4,140,CIN,Colbie Young,WR,24.0,,,0,0,0,,,
2026,5,141,HOU,Kamari Ramsey,S,22.0,,,0,0,0,,,
2026,5,142,TEN,Fernando Carmona,G,24.0,,,0,0,0,,,
2026,5,143,ARI,Reggie Virgil,WR,22.0,,,0,0,0,,,
2026,5,144,CAR,Sam Hecht,C,23.0,,,0,0,0,,,
2026,5,145,LAC,Nick Barrett,DT,23.0,,,0,0,0,,,
2026,5,146,CLE,Parker Brailsford,C,22.0,,,0,0,0,,,
2026,5,147,WAS,Joshua Josephs,DE,22.0,,,0,0,0,,,
2026,5,148,SEA,Beau Stephens,G,23.0,,,0,0,0,,,
2026,5,149,CLE,Justin Jefferson,LB,23.0,,,0,0,0,,,
2026,5,150,LVR,Dalton Johnson,S,23.0,,,0,0,0,,,
2026,5,151,CAR,Zakee Wheatley,S,24.0,,,0,0,0,,,
2026,5,152,DEN,Justin Joly,TE,22.0,,,0,0,0,,,
2026,5,153,GNB,Jager Burton,C,24.0,,,0,0,0,,,
2026,5,154,SFO,Jaden Dugger,OLB,22.0,,,0,0,0,,,
2026,5,155,TAM,DeMonte Capehart,DT,24.0,,,0,0,0,,,
2026,5,156,IND,George Gumbs Jr.,DE,23.0,,,0,0,0,,,
2026,5,157,DET,Keith Abney II,CB,21.0,,,0,0,0,,,
2026,5,158,MIA,Michael Taaffe,S,23.0,,,0,0,0,,,
2026,5,159,MIN,Max Bredeson,TE,23.0,,,0,0,0,,,
2026,5,160,TAM,Billy Schrauth,G,22.0,,,0,0,0,,,
2026,5,161,KAN,Emmett Johnson,RB,22.0,,,0,0,0,,,
2026,5,162,BAL,Chandler Rivers,CB,22.0,,,0,0,0,,,
2026,5,163,MIN,Charles Demmings,CB,23.0,,,0,0,0,,,
2026,5,164,JAX,Tanner Koziol,TE,,,,0,0,0,,,
2026,5,165,TEN,Nicholas Singleton,RB,22.0,,,0,0,0,,,
2026,5,166,CHI,Keyshaun Elliott,LB,22.0,,,0,0,0,,,
2026,5,167,BUF,Jalon Kilgore,CB,21.0,,,0,0,0,,,
2026,5,168,DET,Kendrick Law,WR,23.0,,,0,0,0,,,
2026,5,169,PIT,Riley Nowakowski,TE,24.0,,,0,0,0,,,
2026,5,170,CLE,Joe Royer,TE,24.0,,,0,0,0,,,
2026,5,171,NWE,Karon Prunty,DB,,,,0,0,0,,,
2026,5,172,NOR,Lorenzo Styles Jr.,S,,,,0,0,0,,,
2026,5,173,BAL,Josh Cuevas,TE,22.0,,,0,0,0,,,
2026,5,174,BAL,Adam Randall,RB,22.0,,,0,0,0,,,
2026,5,175,LVR,Hezekiah Masses,CB,22.0,,,0,0,0,,,
2026,5,176,KAN,Cyrus Allen,WR,23.0,,,0,0,0,,,
2026,5,177,MIA,Kevin Coleman Jr.,WR,22.0,,,0,0,0,,,
2026,5,178,PHI,Cole Payton,QB,23.0,,,0,0,0,,,
2026,5,179,SFO,Enrique Cruz Jr.,OL,23.0,,,0,0,0,,,
2026,5,180,MIA,Seydou Traore,TE,,,,0,0,0,,,
2026,5,181,BUF,Zane Durant,DT,22.0,,,0,0,0,,,
2026,6,182,CLE,Taylen Green,QB,23.0,,,0,0,0,,,
2026,6,183,ARI,Karson Sharar,LB,23.0,,,0,0,0,,,
2026,6,184,TEN,Jackie Marshall,DE,23.0,,,0,0,0,,,
2026,6,185,TAM,Bauer Sharp,TE,23.0,,,0,0,0,,,
2026,6,186,NYG,Bobby Jamison-Travis,DL,,,,0,0,0,,,
2026,6,187,WAS,Kaytron Allen,RB,23.0,,,0,0,0,,,
2026,6,188,NYJ,Anez Cooper,G,22.0,,,0,0,0,,,
2026,6,189,CIN,Brian Parker II,OT,22.0,,,0,0,0,,,
2026,6,190,NOR,Barion Brown,WR,,,,0,0,0,,,
2026,6,191,JAX,Josh Cameron,WR,23.0,,,0,0,0,,,
2026,6,192,NYG,J.C. Davis,OT,22.0,,,0,0,0,,,
2026,6,193,NYG,Jack Kelly,LB,23.0,,,0,0,0,,,
2026,6,194,TEN,Pat Coogan,C,23.0,,,0,0,0,,,
2026,6,195,LVR,Malik Benson,WR,,,,0,0,0,,,
2026,6,196,NWE,Dametrious Crownover,OT,24.0,,,0,0,0,,,
2026,6,197,LAR,CJ Daniels,WR,,,,0,0,0,,,
2026,6,198,MIN,Demond Claiborne,RB,22.0,,,0,0,0,,,
2026,6,199,SEA,Emmanuel Henderson Jr.,WR,,,,0,0,0,,,
2026,6,200,MIA,DJ Campbell,G,,,,0,0,0,,,
2026,6,201,GNB,Domani Jackson,CB,23.0,,,0,0,0,,,
2026,6,202,LAC,Logan Taylor,G,24.0,,,0,0,0,,,
2026,6,203,JAX,CJ Williams,WR,,,,0,0,0,,,
2026,6,204,HOU,Lewis Bond,WR,,,,0,0,0,,,
2026,6,205,DET,Skyler Gill-Howard,DT,,,,0,0,0,,,
2026,6,206,LAC,Alex Harkey,OT,25.0,,,0,0,0,,,
2026,6,207,PHI,Micah Morris,G,,,,0,0,0,,,
2026,6,208,ATL,Anterio Thompson,DT,,,,0,0,0,,,
2026,6,209,WAS,Matt Gulbin,OL,,,,0,0,0,,,
2026,6,210,PIT,Gabriel Rubio,DL,,,,0,0,0,,,
2026,6,211,BAL,Ryan Eckley,P,,,,0,0,0,,,
2026,6,212,NWE,Namdi Obiazor,LB,,,,0,0,0,,,
2026,6,213,CHI,Jordan van den Berg,DL,,,,0,0,0,,,
2026,6,214,IND,Caden Curry,DE,23.0,,,0,0,0,,,
2026,6,215,ATL,Harold Perkins Jr.,LB,21.0,,,0,0,0,,,
2026,6,216,GNB,Trey Smack,K,,,,0,0,0,,,
2026,7,217,ARI,Jayden Williams,OL,,,,0,0,0,,,
2026,7,218,DAL,Anthony Smith,WR,,,,0,0,0,,,
2026,7,219,NOR,TJ Hall,CB,22.0,,,0,0,0,,,
2026,7,220,BUF,Toriano Pride Jr.,CB,22.0,,,0,0,0,,,
2026,7,221,CIN,Jack Endries,TE,22.0,,,0,0,0,,,
2026,7,222,DET,Tyre West,DT,,,,0,0,0,,,
2026,7,223,WAS,Athan Kaliakmanis,QB,,,,0,0,0,,,
2026,7,224,PIT,Robert Spears-Jennings,S,22.0,,,0,0,0,,,
2026,7,225,TEN,Jaren Kanak,TE,22.0,,,0,0,0,,,
2026,7,226,CIN,Landon Robinson,NT,23.0,,,0,0,0,,,
2026,7,227,CAR,Jackson Kuwatch,LB,,,,0,0,0,,,
2026,7,228,NYJ,VJ Payne,S,22.0,,,0,0,0,,,
2026,7,229,LVR,Brandon Cleveland,DT,22.0,,,0,0,0,,,
2026,7,230,PIT,Eli Heidenreich,FB,23.0,,,0,0,0,,,
2026,7,231,ATL,Ethan Onianwa,G,,,,0,0,0,,,
2026,7,232,LAR,Tim Keenan III,DT,23.0,,,0,0,0,,,
2026,7,233,JAX,Zach Durfee,DE,,,,0,0,0,,,
2026,7,234,NWE,Behren Morton,QB,,,,0,0,0,,,
2026,7,235,MIN,Gavin Gerhardt,OL,,,,0,0,0,,,
2026,7,236,SEA,Andre Fuller,CB,,,,0,0,0,,,
2026,7,237,IND,Seth McGowan,RB,24.0,,,0,0,0,,,
2026,7,238,MIA,Max Llewellyn,DE,24.0,,,0,0,0,,,
2026,7,239,BUF,Tommy Doman,P,,,,0,0,0,,,
2026,7,240,JAX,Parker Hughes,LB,,,,0,0,0,,,
2026,7,241,BUF,Ar'maj Reed-Adams,G,24.0,,,0,0,0,,,
2026,7,242,SEA,Deven Eastern,DT,,,,0,0,0,,,
2026,7,243,HOU,Aiden Fisher,LB,22.0,,,0,0,0,,,
2026,7,244,PHI,Cole Wisniewski,S,,,,0,0,0,,,
2026,7,245,NWE,Jam Miller,RB,22.0,,,0,0,0,,,
2026,7,246,DEN,Miles Scott,S,,,,0,0,0,,,
2026,7,247,NWE,Quintayvious Hutchins,DE,23.0,,,0,0,0,,,
2026,7,248,CLE,Carsen Ryan,TE,23.0,,,0,0,0,,,
2026,7,249,KAN,Garrett Nussmeier,QB,,,,0,0,0,,,
2026,7,250,BAL,Rayshaun Benny,DT,24.0,,,0,0,0,,,
2026,7,251,PHI,Uar Bernard,DT,,,,0,0,0,,,
2026,7,252,PHI,Keyshawn James-Newby,DE,,,,0,0,0,,,
2026,7,253,BAL,Evan Beerntsen,OL,,,,0,0,0,,,
2026,7,254,IND,Deion Burks,WR,23.0,,,0,0,0,,,
2026,7,255,SEA,Michael Dansby,DB,,,,0,0,0,,,
2026,7,256,DEN,Dallen Bentley,TE,25.0,,,0,0,0,,,
2026,7,257,DEN,Red Murdock,LB,,,,0,0,0,,,
